Content,PostId
"I've started implementing a morning routine, and it has been a game changer!",1
"The first hour of the morning is the rudder of the day. Good read!",1
"Routines are truly magical. They provide structure and direction.",1
"Morning routines are indeed a self-care gift.",1
"So true. Since I started a morning routine, my productivity has skyrocketed.",1
"The ocean's mystery is simply captivating. There's so much to explore!",2
"The stats on ocean exploration are truly mind-boggling.",2
"I've always been fascinated by marine life. The ocean is a whole different world.",2
"The ocean is the last true frontier on earth.",2
"Exploring the ocean could reveal many new species and even possible medicines.",2
"Space travel is the epitome of human exploration. Love this topic!",3
"I can't wait for the day we can travel to Mars and beyond.",3
"Space travel represents the ingenuity and audacity of human species.",3
"The concept of space tourism is both exciting and terrifying.",3
"The stars are not just for scientists, but for all mankind.",3
"The brain is indeed a marvel of nature. So complex yet so perfect.",4
"Understanding the brain could open up new treatment methods for mental disorders.",4
"I believe the next century will be all about understanding our brain.",4
"The more we learn about the brain, the more we realize how much we don't know.",4
20,"Deciphering the brain's workings might be the final frontier in biology.",4
21,"The implications of AI for society are both exciting and a bit scary.",5
22,"AI definitely has the potential to revolutionize our lives.",5
23,"I'm looking forward to seeing where AI leads us in the next decade.",5
24,"AI and ethics need to go hand in hand. It's a powerful tool that needs careful handling.",5
25,"AI is the new electricity. It's going to transform many industries.",5
26,"Quantum physics is absolutely mind-bending. It defies common sense yet it is how nature works.",6
27,"I find quantum physics both perplexing and fascinating at the same time.",6
28,"Quantum physics gives us a glimpse into the strange and beautiful world of the very small.",6
29,"The potential applications of quantum physics in computing are astounding.",6
30,"Quantum mechanics shows just how wonderfully weird our universe is.",6
31,"Minimalism really does help cut the noise and focus on what's important.",7
32,"I've been striving for a more minimalist lifestyle. It's liberating!",7
33,"Minimalism is not about removing things you love but about removing things that distract you.",7
34,"I believe in quality over quantity, which aligns with the minimalist lifestyle.",7
35,"Less is indeed more. Minimalism has made my life less stressful.",7
36,"Sometimes doing nothing is the best thing to do. Great article!",8
37,"Boredom can indeed be a catalyst for creativity. It lets our minds wander.",8
38,"We're so caught up in being busy that we forget the value of stillness.",8
39,"Boredom breeds creative thinking. It's underappreciated in our society.",8
40,"Being bored gives your mind a chance to rest and reset.",8
41,"Meditation has been a lifesaver for me. It's my time to just 'be'.",9
42,"Mindfulness and meditation have made a huge difference in my life.",9
43,"Meditation is a journey, not a destination. I love the peacefulness it brings.",9
44,"The power of just focusing on the present moment is transformative.",9
45,"Meditation is like a gym workout for the mind. It strengthens our mental resilience.",9
46,"Microbiomes are so fascinating! We carry a whole ecosystem within us.",10
47,"Our understanding of microbiomes could revolutionize medicine.",10
48,"The more I read about microbiomes, the more fascinated I become.",10
49,"It's amazing how something so small can have such a big impact on our health.",10
50,"We're more bacteria than human, which is mind-blowing to think about.",10
