Title,Content
"The Magic of Morning Routines","Starting the day right can have a huge impact on productivity. Having a morning routine is like giving a gift to your future self."
"Exploring the Depths of the Ocean","The ocean covers 71% of our planet's surface, yet we've explored less than 5% of it. There's a whole other world beneath the waves waiting to be discovered."
"The Allure of Space Travel","The idea of exploring the cosmos has always captivated humanity. With advances in technology, the stars might be within our reach sooner than we think."
"Unraveling the Secrets of the Brain","The human brain is an extraordinary and complex organ. Unraveling its mysteries could lead to breakthroughs in numerous fields."
"The Future of Artificial Intelligence","AI is progressing at an unprecedented rate, promising to revolutionize many aspects of our lives. But how far is too far?"
"Demystifying Quantum Physics","Quantum physics might seem like the stuff of science fiction, but it's real and it's here, pushing the boundaries of what we thought we knew about the universe."
"The Art of Minimalist Living","In an age of excess, more people are turning to minimalism. It's not about having less; it's about making room for what matters."
"In Defense of Boredom","In our fast-paced, always-on society, we've lost the art of being bored. But boredom can be a powerful tool for fostering creativity."
"The Power of Meditation","In our chaotic world, meditation can be a sanctuary of peace. The benefits of this ancient practice extend well beyond relaxation."
"The World of Microbiomes","They're too small to see, but microbiomes play a huge role in our health and the world around us. Welcome to the tiny universe inside you."
